{"train_acc": 0.623374987244606, "train_loss": 1.0829731161892413, "val_acc": 0.5088999876379967, "val_loss": 1.4980691277980804, "_timestamp": 1698110859.0538588, "test_acc": 0.500499986410141, "test_loss": 1.464776349067688, "_runtime": 112.1772518157959, "_step": 20, "gradients/model.fc2.bias": {"_type": "histogram", "values": [1.0, 0.0, 0.0, 0.0, 0.0, 0.0, 0.0, 0.0, 0.0, 0.0, 0.0, 0.0, 0.0, 0.0, 0.0, 0.0, 0.0, 0.0, 0.0, 0.0, 0.0, 0.0, 0.0, 2.0, 0.0, 0.0, 0.0, 1.0, 1.0, 0.0, 0.0, 0.0, 1.0, 0.0, 0.0, 0.0, 0.0, 0.0, 1.0, 0.0, 1.0, 1.0, 0.0, 0.0, 0.0, 0.0, 0.0, 0.0, 0.0, 0.0, 0.0, 0.0, 0.0, 0.0, 0.0, 0.0, 0.0, 0.0, 0.0, 0.0, 0.0, 0.0, 0.0, 1.0], "bins": [-0.03207598254084587, -0.03107060305774212, -0.030065221711993217, -0.029059842228889465, -0.028054460883140564, -0.027049081400036812, -0.02604370191693306, -0.02503832057118416, -0.024032941088080406, -0.023027561604976654, -0.022022180259227753, -0.021016800776124, -0.02001142129302025, -0.019006039947271347, -0.018000660464167595, -0.016995279118418694, -0.01598989963531494, -0.014984519220888615, -0.013979138806462288, -0.012973759323358536, -0.011968378908932209, -0.010962998494505882, -0.00995761901140213, -0.008952238596975803, -0.007946858182549477, -0.00694147776812315, -0.00593609781935811, -0.004930717870593071, -0.003925337456166744, -0.002919957274571061, -0.001914577092975378, -0.0009091969113796949, 9.61795449256897e-05, 0.0011015597265213728, 0.002106939908117056, 0.003112320089712739, 0.004117700271308422, 0.005123080685734749, 0.006128460634499788, 0.007133840583264828, 0.008139220997691154, 0.009144601412117481, 0.010149981826543808, 0.01115536130964756, 0.012160741724073887, 0.013166122138500214, 0.014171501621603966, 0.015176882036030293, 0.01618226245045662, 0.01718764193356037, 0.018193023279309273, 0.019198402762413025, 0.020203784108161926, 0.02120916359126568, 0.02221454307436943, 0.023219924420118332, 0.024225303903222084, 0.025230683386325836, 0.026236064732074738, 0.02724144421517849, 0.028246823698282242, 0.029252205044031143, 0.030257584527134895, 0.03126296401023865, 0.03226834535598755]}, "gradients/model.fc2.weight": {"_type": "histogram", "values": [1.0, 0.0, 0.0, 0.0, 1.0, 0.0, 0.0, 3.0, 3.0, 3.0, 3.0, 4.0, 6.0, 8.0, 14.0, 13.0, 19.0, 23.0, 30.0, 43.0, 54.0, 56.0, 67.0, 88.0, 102.0, 127.0, 174.0, 217.0, 257.0, 304.0, 379.0, 425.0, 535.0, 675.0, 1218.0, 1587.0, 1098.0, 758.0, 515.0, 373.0, 300.0, 197.0, 117.0, 102.0, 82.0, 74.0, 38.0, 30.0, 21.0, 22.0, 10.0, 9.0, 12.0, 13.0, 8.0, 8.0, 4.0, 3.0, 2.0, 2.0, 0.0, 1.0, 0.0, 2.0], "bins": [-0.0697910413146019, -0.06777088344097137, -0.06575071811676025, -0.06373056024312973, -0.06171040236949921, -0.05969024449586868, -0.05767008289694786, -0.05564992129802704, -0.053629763424396515, -0.05160960555076599, -0.04958944395184517, -0.04756928235292435, -0.04554912447929382, -0.0435289666056633, -0.04150880500674248, -0.039488643407821655, -0.03746848553419113, -0.03544832766056061, -0.033428166061639786, -0.031408004462718964, -0.02938784658908844, -0.027367686852812767, -0.025347527116537094, -0.02332736738026142, -0.02130720764398575, -0.019287047907710075, -0.017266888171434402, -0.01524672843515873, -0.013226568698883057, -0.011206408962607384, -0.00918624922633171, -0.007166089490056038, -0.0051459260284900665, -0.0031257662922143936, -0.0011056065559387207, 0.0009145531803369522, 0.002934712916612625, 0.004954872652888298, 0.006975032389163971, 0.008995192125439644, 0.011015351861715317, 0.01303551159799099, 0.015055671334266663, 0.017075831070542336, 0.01909599080681801, 0.02111615054309368, 0.023136310279369354, 0.025156470015645027, 0.0271766297519207, 0.029196789488196373, 0.031216949224472046, 0.03323710709810257, 0.03525726869702339, 0.037277430295944214, 0.03929758816957474, 0.04131774604320526, 0.04333790764212608, 0.045358069241046906, 0.04737822711467743, 0.04939838498830795, 0.051418546587228775, 0.0534387081861496, 0.05545886605978012, 0.057479023933410645, 0.05949918553233147]}, "gradients/model.bn.bias": {"_type": "histogram", "values": [2.0, 0.0, 0.0, 0.0, 1.0, 3.0, 1.0, 0.0, 4.0, 2.0, 4.0, 2.0, 9.0, 8.0, 7.0, 6.0, 11.0, 18.0, 16.0, 22.0, 29.0, 27.0, 35.0, 35.0, 39.0, 44.0, 60.0, 50.0, 46.0, 55.0, 55.0, 60.0, 48.0, 49.0, 33.0, 30.0, 35.0, 27.0, 29.0, 26.0, 15.0, 15.0, 13.0, 10.0, 11.0, 8.0, 5.0, 2.0, 3.0, 5.0, 3.0, 3.0, 0.0, 1.0, 0.0, 0.0, 0.0, 1.0, 0.0, 0.0, 0.0, 0.0, 0.0, 1.0], "bins": [-0.012530586682260036, -0.012107478454709053, -0.01168437022715807, -0.011261261068284512, -0.010838152840733528, -0.010415044613182545, -0.009991936385631561, -0.009568827226758003, -0.00914571899920702, -0.008722610771656036, -0.008299502544105053, -0.00787639431655407, -0.007453285623341799, -0.007030176930129528, -0.006607068702578545, -0.006183960009366274, -0.0057608517818152905, -0.005337743554264307, -0.004914634861052036, -0.004491526633501053, -0.004068417940288782, -0.0036453097127377987, -0.0032222012523561716, -0.0027990927919745445, -0.0023759843315929174, -0.0019528758712112904, -0.0015297674108296633, -0.001106659066863358, -0.0006835506064817309, -0.0002604421752039343, 0.00016266625607386231, 0.0005857746582478285, 0.0010088831186294556, 0.0014319915790110826, 0.0018551000393927097, 0.002278208499774337, 0.002701316960155964, 0.0031244251877069473, 0.0035475336480885744, 0.0039706421084702015, 0.004393750801682472, 0.004816859029233456, 0.005239967256784439, 0.00566307594999671, 0.006086184177547693, 0.006509292870759964, 0.006932401098310947, 0.007355509791523218, 0.007778618019074202, 0.008201726712286472, 0.008624834939837456, 0.00904794316738844, 0.009471051394939423, 0.00989416055381298, 0.010317268781363964, 0.010740377008914948, 0.011163485236465931, 0.011586593464016914, 0.012009702622890472, 0.012432810850441456, 0.01285591907799244, 0.013279027305543423, 0.01370213646441698, 0.014125244691967964, 0.014548352919518948]}, "gradients/model.bn.weight": {"_type": "histogram", "values": [1.0, 0.0, 0.0, 0.0, 0.0, 1.0, 0.0, 0.0, 0.0, 0.0, 0.0, 0.0, 0.0, 1.0, 0.0, 3.0, 1.0, 1.0, 4.0, 5.0, 5.0, 3.0, 4.0, 13.0, 18.0, 11.0, 26.0, 29.0, 38.0, 37.0, 52.0, 62.0, 68.0, 95.0, 78.0, 67.0, 64.0, 65.0, 58.0, 56.0, 25.0, 29.0, 29.0, 17.0, 16.0, 12.0, 9.0, 5.0, 1.0, 3.0, 3.0, 2.0, 0.0, 2.0, 3.0, 0.0, 0.0, 1.0, 0.0, 0.0, 0.0, 0.0, 0.0, 1.0], "bins": [-0.022762274369597435, -0.022113148123025894, -0.021464020013809204, -0.020814893767237663, -0.020165765658020973, -0.019516639411449432, -0.018867511302232742, -0.0182183850556612, -0.01756925880908966, -0.01692013069987297, -0.01627100445330143, -0.01562187634408474, -0.014972750097513199, -0.014323622919619083, -0.013674495741724968, -0.013025368563830853, -0.012376241385936737, -0.011727114208042622, -0.011077987030148506, -0.01042885985225439, -0.009779732674360275, -0.009130606427788734, -0.008481479249894619, -0.007832352072000504, -0.007183224894106388, -0.006534097716212273, -0.005884970538318157, -0.005235843826085329, -0.004586716648191214, -0.003937589470297098, -0.0032884625252336264, -0.0026393355801701546, -0.0019902102649211884, -0.0013410832034423947, -0.0006919561419636011, -4.282908048480749e-05, 0.0006062979809939861, 0.0012554250424727798, 0.0019045521039515734, 0.002553679049015045, 0.0032028062269091606, 0.003851933404803276, 0.0045010605826973915, 0.00515018729493022, 0.005799314472824335, 0.0064484416507184505, 0.007097568362951279, 0.007746695540845394, 0.00839582271873951, 0.009044949896633625, 0.00969407707452774, 0.010343204252421856, 0.010992331430315971, 0.011641457676887512, 0.012290584854781628, 0.012939712032675743, 0.013588839210569859, 0.014237966388463974, 0.01488709356635809, 0.015536220744252205, 0.016185346990823746, 0.016834475100040436, 0.017483601346611977, 0.018132729455828667, 0.018781855702400208]}, "gradients/model.fc1.bias": {"_type": "histogram",