{"test_acc": 0.49589998573064803, "test_loss": 1.4694069528579712, "_timestamp": 1698118508.8690026, "train_acc": 0.5652499873191118, "train_loss": 1.243918490409851, "val_acc": 0.48859998732805254, "val_loss": 1.5077743661403655, "time_spent": 12.024352312088013, "lr": 0.001, "_runtime": 70.24632453918457, "_step": 17, "gradients/model.fc2.bias": {"_type": "histogram", "values": [1.0, 0.0, 0.0, 0.0, 0.0, 0.0, 0.0, 0.0, 0.0, 0.0, 0.0, 0.0, 0.0, 0.0, 0.0, 0.0, 0.0, 0.0, 0.0, 0.0, 0.0, 0.0, 0.0, 0.0, 0.0, 0.0, 0.0, 0.0, 0.0, 0.0, 0.0, 0.0, 1.0, 0.0, 1.0, 1.0, 1.0, 0.0, 0.0, 0.0, 0.0, 1.0, 0.0, 0.0, 1.0, 0.0, 0.0, 0.0, 1.0, 0.0, 0.0, 0.0, 0.0, 0.0, 0.0, 1.0, 0.0, 0.0, 0.0, 0.0, 0.0, 0.0, 0.0, 1.0], "bins": [-0.09114545583724976, -0.088824562728405, -0.08650366961956024, -0.08418277651071548, -0.08186188340187073, -0.07954099029302597, -0.07722009718418121, -0.07489920407533646, -0.0725783109664917, -0.07025741785764694, -0.06793652474880219, -0.06561563163995743, -0.06329473853111267, -0.06097384914755821, -0.058652956038713455, -0.0563320629298687, -0.05401116982102394, -0.051690276712179184, -0.04936938360333443, -0.04704849049448967, -0.04472759738564491, -0.042406704276800156, -0.0400858111679554, -0.03776491805911064, -0.03544402867555618, -0.033123135566711426, -0.03080224059522152, -0.028481347486376762, -0.026160456240177155, -0.023839563131332397, -0.02151867002248764, -0.019197776913642883, -0.016876883804798126, -0.01455599069595337, -0.012235097587108612, -0.00991420540958643, -0.0075933123007416725, -0.0052724191918969154, -0.0029515265487134457, -0.0006306336726993322, 0.0016902592033147812, 0.004011152312159538, 0.006332044955343008, 0.008652937598526478, 0.010973830707371235, 0.013294723816215992, 0.015615615993738174, 0.01793650910258293, 0.02025740221142769, 0.022578295320272446, 0.024899188429117203, 0.02722008153796196, 0.029540974646806717, 0.031861867755651474, 0.03418276086449623, 0.03650365397334099, 0.03882454335689545, 0.041145436465740204, 0.04346632957458496, 0.04578722268342972, 0.048108115792274475, 0.05042900890111923, 0.05274990200996399, 0.055070795118808746, 0.0573916882276535]}, "gradients/model.fc2.weight": {"_type": "histogram", "values": [1.0, 0.0, 0.0, 0.0, 0.0, 0.0, 0.0, 0.0, 1.0, 2.0, 2.0, 4.0, 5.0, 5.0, 8.0, 8.0, 11.0, 15.0, 18.0, 30.0, 40.0, 51.0, 61.0, 71.0, 90.0, 104.0, 142.0, 165.0, 235.0, 269.0, 299.0, 399.0, 514.0, 627.0, 883.0, 1764.0, 1473.0, 955.0, 661.0, 408.0, 287.0, 174.0, 130.0, 107.0, 71.0, 44.0, 29.0, 24.0, 15.0, 12.0, 8.0, 5.0, 6.0, 0.0, 4.0, 1.0, 0.0, 0.0, 0.0, 1.0, 0.0, 0.0, 0.0, 1.0], "bins": [-0.11970846354961395, -0.116279236972332, -0.11285001039505005, -0.1094207838177681, -0.10599155724048615, -0.1025623306632042, -0.09913310408592224, -0.09570387750864029, -0.09227465093135834, -0.08884542435407639, -0.08541619777679443, -0.08198697119951248, -0.07855774462223053, -0.07512851804494858, -0.07169929146766663, -0.06827006489038467, -0.06484083831310272, -0.06141160801053047, -0.05798238143324852, -0.05455315485596657, -0.051123928278684616, -0.047694701701402664, -0.04426547512412071, -0.04083624854683876, -0.03740701824426651, -0.03397779166698456, -0.030548566952347755, -0.027119340375065804, -0.023690111935138702, -0.02026088535785675, -0.0168316587805748, -0.013402432203292847, -0.009973205626010895, -0.006543979048728943, -0.0031147520057857037, 0.0003144748043268919, 0.0037437016144394875, 0.007172928191721439, 0.010602155700325966, 0.014031382277607918, 0.01746060885488987, 0.02088983543217182, 0.024319062009453773, 0.027748288586735725, 0.031177517026662827, 0.03460674360394478, 0.03803597018122673, 0.04146519675850868, 0.044894423335790634, 0.048323649913072586, 0.05175287649035454, 0.05518210306763649, 0.05861132964491844, 0.062040556222200394, 0.06546978652477264, 0.0688990131020546, 0.07232823967933655, 0.0757574662566185, 0.07918669283390045, 0.0826159194111824, 0.08604514598846436, 0.08947437256574631, 0.09290359914302826, 0.09633282572031021, 0.09976205229759216]}, "gradients/model.bn.bias": {"_type": "histogram", "values": [1.0, 1.0, 0.0, 0.0, 1.0, 0.0, 0.0, 1.0, 2.0, 0.0, 4.0, 3.0, 4.0, 6.0, 3.0, 13.0, 6.0, 11.0, 11.0, 19.0, 13.0, 32.0, 22.0, 39.0, 42.0, 34.0, 29.0, 33.0, 48.0, 55.0, 42.0, 42.0, 57.0, 33.0, 53.0, 48.0, 33.0, 41.0, 34.0, 22.0, 31.0, 19.0, 21.0, 23.0, 12.0, 9.0, 7.0, 12.0, 8.0, 7.0, 7.0, 4.0, 8.0, 8.0, 2.0, 0.0, 1.0, 1.0, 2.0, 1.0, 0.0, 0.0, 1.0, 2.0], "bins": [-0.012030653655529022, -0.011648979969322681, -0.011267305351793766, -0.010885631665587425, -0.01050395704805851, -0.010122283361852169, -0.009740608744323254, -0.009358935058116913, -0.008977260440587997, -0.008595586754381657, -0.008213913068175316, -0.0078322384506464, -0.00745056476444006, -0.0070688906125724316, -0.0066872164607048035, -0.006305542308837175, -0.005923868156969547, -0.005542194005101919, -0.005160519853234291, -0.004778845701366663, -0.004397171549499035, -0.004015497863292694, -0.003633823711425066, -0.003252149559557438, -0.00287047540768981, -0.0024888012558221817, -0.0021071271039545536, -0.0017254531849175692, -0.001343779033049941, -0.0009621049393899739, -0.0005804308457300067, -0.0001987567520700395, 0.00018291734158992767, 0.0005645914352498949, 0.000946265528909862, 0.0013279395643621683, 0.0017096137162297964, 0.0020912878680974245, 0.002472961787134409, 0.002854635939002037, 0.003236310090869665, 0.0036179842427372932, 0.003999658394604921, 0.0043813325464725494, 0.00476300623267889, 0.005144680384546518, 0.005526354536414146, 0.0059080286882817745, 0.006289702840149403, 0.006671376992017031, 0.007053051143884659, 0.007434725295752287, 0.007816399447619915, 0.008198073133826256, 0.008579747751355171, 0.008961421437561512, 0.009343095123767853, 0.009724769741296768, 0.010106443427503109, 0.010488118045032024, 0.010869791731238365, 0.01125146634876728, 0.011633140034973621, 0.012014814652502537, 0.012396488338708878]}, "gradients/model.bn.weight": {"_type": "histogram", "values": [1.0, 0.0, 0.0, 0.0, 1.0, 2.0, 0.0, 1.0, 2.0, 3.0, 1.0, 3.0, 5.0, 4.0, 4.0, 7.0, 17.0, 7.0, 14.0, 17.0, 23.0, 34.0, 38.0, 34.0, 44.0, 51.0, 64.0, 61.0, 71.0, 72.0, 56.0, 53.0, 41.0, 45.0, 45.0, 34.0, 29.0, 22.0, 22.0, 13.0, 16.0, 9.0, 10.0, 12.0, 7.0, 6.0, 1.0, 8.0, 1.0, 5.0, 1.0, 1.0, 1.0, 1.0, 1.0, 0.0, 0.0, 0.0, 1.0, 1.0, 0.0, 0.0, 0.0, 1.0], "bins": [-0.015219105407595634, -0.014700503088533878, -0.014181900769472122, -0.01366329938173294, -0.013144697062671185, -0.012626094743609428, -0.012107493355870247, -0.01158889103680849, -0.011070288717746735, -0.010551686398684978, -0.010033084079623222, -0.00951448269188404, -0.008995880372822285, -0.008477278053760529, -0.007958676666021347, -0.007440074346959591, -0.006921472027897835, -0.006402869708836079, -0.00588426785543561, -0.005365666002035141, -0.004847063682973385, -0.004328461363911629, -0.00380985951051116, -0.0032912574242800474, -0.002772655338048935, -0.0022540532518178225, -0.00173545116558671, -0.0012168490793555975, -0.000698246993124485, -0.00017964490689337254, 0.00033895717933773994, 0.0008575592655688524, 0.0013761594891548157, 0.0018947615753859282, 0.0024133636616170406, 0.002931965747848153, 0.0034505678340792656, 0.003969170153141022, 0.0044877720065414906, 0.005006373859941959, 0.0055249761790037155, 0.006043578498065472, 0.0065621803514659405, 0.007080782204866409, 0.0075993845239281654, 0.008117986842989922, 0.008636588230729103, 0.00915519054979086, 0.009673792868852615, 0.010192395187914371, 0.010710997506976128, 0.01122959889471531, 0.011748201213777065, 0.012266803532838821, 0.012785404920578003, 0.013304007239639759, 0.013822609558701515, 0.014341211877763271, 0.014859814196825027, 0.015378415584564209, 0.01589701697230339, 0.01641562022268772, 0.016934221610426903, 0.017452824860811234, 0.017971426248550415]}, "gradients/model.fc1.bias": {"_type": "histogram",