{"test_acc": 0.5011999869346618, "test_loss": 1.4781156086921692, "_timestamp": 1698118261.060983, "train_acc": 0.6130249853432178, "train_loss": 1.1220106442272664, "val_acc": 0.504599986076355, "val_loss": 1.514448482990265, "time_spent": 13.471403121948242, "lr": 0.001, "_runtime": 171.27344393730164, "_step": 25, "gradients/model.fc2.bias": {"_type": "histogram", "values": [1.0, 0.0, 1.0, 1.0, 0.0, 0.0, 0.0, 1.0, 0.0, 0.0, 0.0, 0.0, 0.0, 2.0, 0.0, 0.0, 0.0, 1.0, 0.0, 0.0, 0.0, 0.0, 0.0, 0.0, 0.0, 0.0, 0.0, 0.0, 0.0, 0.0, 0.0, 1.0, 0.0, 1.0, 0.0, 0.0, 0.0, 0.0, 0.0, 0.0, 0.0, 0.0, 0.0, 0.0, 0.0, 0.0, 0.0, 0.0, 0.0, 0.0, 0.0, 0.0, 0.0, 0.0, 0.0, 0.0, 0.0, 0.0, 0.0, 0.0, 0.0, 0.0, 0.0, 1.0], "bins": [-0.021080326288938522, -0.0199593435972929, -0.018838360905647278, -0.017717378214001656, -0.016596395522356033, -0.015475412830710411, -0.014354430139064789, -0.013233447447419167, -0.012112464755773544, -0.010991482064127922, -0.0098704993724823, -0.008749516680836678, -0.007628533989191055, -0.006507551297545433, -0.005386568605899811, -0.0042655859142541885, -0.0031446032226085663, -0.002023620530962944, -0.0009026378393173218, 0.00021834485232830048, 0.0013393275439739227, 0.002460310235619545, 0.0035812929272651672, 0.0047022756189107895, 0.005823258310556412, 0.006944241002202034, 0.008065223693847656, 0.009186206385493279, 0.0103071890771389, 0.011428171768784523, 0.012549154460430145, 0.013670137152075768, 0.014791123569011688, 0.01591210626065731, 0.017033088952302933, 0.018154071643948555, 0.019275054335594177, 0.0203960370272398, 0.021517019718885422, 0.022638002410531044, 0.023758985102176666, 0.02487996779382229, 0.02600095048546791, 0.027121933177113533, 0.028242915868759155, 0.029363898560404778, 0.0304848812520504, 0.03160586208105087, 0.032726846635341644, 0.033847831189632416, 0.03496881201863289, 0.03608979284763336, 0.03721077740192413, 0.038331761956214905, 0.03945274278521538, 0.04057372361421585, 0.04169470816850662, 0.042815692722797394, 0.04393667355179787, 0.04505765438079834, 0.04617863893508911, 0.04729962348937988, 0.048420604318380356, 0.04954158514738083, 0.0506625697016716]}, "gradients/model.fc2.weight": {"_type": "histogram", "values": [1.0, 1.0, 0.0, 0.0, 0.0, 0.0, 3.0, 3.0, 1.0, 3.0, 5.0, 3.0, 5.0, 8.0, 9.0, 12.0, 12.0, 21.0, 20.0, 28.0, 40.0, 34.0, 39.0, 53.0, 82.0, 96.0, 100.0, 144.0, 183.0, 213.0, 294.0, 337.0, 433.0, 564.0, 742.0, 1911.0, 1684.0, 966.0, 643.0, 450.0, 318.0, 212.0, 146.0, 102.0, 83.0, 56.0, 55.0, 30.0, 27.0, 12.0, 23.0, 8.0, 7.0, 3.0, 2.0, 2.0, 1.0, 2.0, 2.0, 2.0, 2.0, 0.0, 1.0, 1.0], "bins": [-0.07290264964103699, -0.07084061950445175, -0.06877858936786652, -0.06671655923128128, -0.06465452909469604, -0.06259249895811081, -0.060530465096235275, -0.05846843495965004, -0.056406401097774506, -0.05434437096118927, -0.052282340824604034, -0.0502203106880188, -0.04815828055143356, -0.04609625041484833, -0.044034216552972794, -0.04197218641638756, -0.03991015627980232, -0.03784812614321709, -0.03578609600663185, -0.03372406214475632, -0.03166203200817108, -0.029600001871585846, -0.02753797173500061, -0.025475939735770226, -0.02341390959918499, -0.021351879462599754, -0.01928984746336937, -0.017227817326784134, -0.015165786258876324, -0.013103755190968513, -0.011041725054383278, -0.008979693986475468, -0.006917659193277359, -0.004855628125369549, -0.002793597523123026, -0.0007315666880458593, 0.0013304641470313072, 0.0033924949821084738, 0.00545452581718564, 0.007516556419432163, 0.009578587487339973, 0.011640618555247784, 0.013702649623155594, 0.01576467975974083, 0.017826709896326065, 0.01988874189555645, 0.021950772032141685, 0.02401280403137207, 0.026074834167957306, 0.02813686430454254, 0.030198896303772926, 0.03226092830300331, 0.03432295843958855, 0.03638498857617378, 0.03844701871275902, 0.040509048849344254, 0.04257108271121979, 0.04463311284780502, 0.04669514298439026, 0.048757173120975494, 0.05081920325756073, 0.052881233394145966, 0.0549432672560215, 0.057005297392606735, 0.05906732752919197]}, "gradients/model.bn.bias": {"_type": "histogram", "values": [1.0, 0.0, 1.0, 0.0, 0.0, 1.0, 1.0, 0.0, 0.0, 1.0, 1.0, 2.0, 1.0, 5.0, 6.0, 7.0, 11.0, 14.0, 13.0, 13.0, 22.0, 24.0, 35.0, 24.0, 37.0, 46.0, 41.0, 45.0, 52.0, 69.0, 51.0, 53.0, 42.0, 45.0, 53.0, 41.0, 34.0, 26.0, 26.0, 19.0, 24.0, 26.0, 20.0, 9.0, 11.0, 6.0, 8.0, 7.0, 12.0, 10.0, 5.0, 4.0, 4.0, 1.0, 2.0, 4.0, 3.0, 1.0, 1.0, 1.0, 1.0, 0.0, 0.0, 1.0], "bins": [-0.014182116836309433, -0.013738858513534069, -0.01329559925943613, -0.012852340936660767, -0.012409081682562828, -0.011965823359787464, -0.0115225650370121, -0.011079305782914162, -0.010636047460138798, -0.01019278820604086, -0.009749529883265495, -0.009306271560490131, -0.008863012306392193, -0.008419753983616829, -0.00797649472951889, -0.0075332364067435265, -0.007089977618306875, -0.006646718829870224, -0.006203460041433573, -0.005760201718658209, -0.005316942930221558, -0.004873684141784906, -0.004430425353348255, -0.003987166564911604, -0.0035439080093055964, -0.003100649220868945, -0.0026573906652629375, -0.0022141318768262863, -0.001770873204804957, -0.0013276145327836275, -0.0008843558025546372, -0.00044109710142947733, 2.1615996956825256e-06, 0.0004454203008208424, 0.0008886790019460022, 0.0013319377321749926, 0.001775196404196322, 0.0022184550762176514, 0.0026617138646543026, 0.00310497242026031, 0.0035482312086969614, 0.003991489764302969, 0.00443474855273962, 0.0048780073411762714, 0.005321266129612923, 0.005764524918049574, 0.006207783240824938, 0.006651042029261589, 0.00709430081769824, 0.0075375596061348915, 0.007980817928910255, 0.008424077183008194, 0.008867335505783558, 0.009310594759881496, 0.00975385308265686, 0.010197111405432224, 0.010640370659530163, 0.011083628982305527, 0.011526888236403465, 0.01197014655917883, 0.012413404881954193, 0.012856664136052132, 0.013299922458827496, 0.013743181712925434, 0.014186440035700798]}, "gradients/model.bn.weight": {"_type": "histogram", "values": [2.0, 0.0, 1.0, 4.0, 4.0, 3.0, 3.0, 6.0, 1.0, 6.0, 3.0, 5.0, 8.0, 7.0, 20.0, 22.0, 20.0, 32.0, 43.0, 50.0, 47.0, 56.0, 46.0, 55.0, 72.0, 59.0, 63.0, 47.0, 44.0, 28.0, 27.0, 31.0, 31.0, 20.0, 21.0, 22.0, 15.0, 12.0, 11.0, 8.0, 5.0, 7.0, 8.0, 6.0, 7.0, 8.0, 5.0, 4.0, 3.0, 1.0, 1.0, 2.0, 3.0, 1.0, 2.0, 1.0, 2.0, 1.0, 1.0, 0.0, 0.0, 0.0, 0.0, 1.0], "bins": [-0.014150436967611313, -0.013611549511551857, -0.013072662986814976, -0.01253377553075552, -0.011994888074696064, -0.011456001549959183, -0.010917114093899727, -0.010378226637840271, -0.009839339181780815, -0.009300452657043934, -0.008761565200984478, -0.008222677744925022, -0.007683791220188141, -0.007144903764128685, -0.0066060167737305164, -0.0060671293176710606, -0.005528242327272892, -0.0049893553368747234, -0.0044504678808152676, -0.003911580890417099, -0.0033726936671882868, -0.0028338064439594746, -0.002294919453561306, -0.0017560322303324938, -0.0012171450071036816, -0.0006782578420825303, -0.00013937067706137896, 0.00039951648795977235, 0.0009384036529809237, 0.0014772908762097359, 0.0020161778666079044, 0.0025550650898367167, 0.003093952313065529, 0.003632839536294341, 0.004171726759523153, 0.004710613749921322, 0.005249501205980778, 0.005788388196378946, 0.006327275186777115, 0.006866162642836571, 0.007405049633234739, 0.007943936623632908, 0.008482824079692364, 0.00902171153575182, 0.0095605980604887, 0.010099485516548157, 0.010638372972607613, 0.011177259497344494, 0.01171614695340395, 0.012255034409463406, 0.012793920934200287, 0.013332808390259743, 0.013871695846319199, 0.01441058237105608, 0.014949469827115536, 0.015488357283174992, 0.016027243807911873, 0.01656613126397133, 0.017105018720030785, 0.01764390617609024, 0.018182793632149696, 0.018721679225564003, 0.01926056668162346, 0.019799454137682915, 0.02033834159374237]}, "gradients/model.fc1.bias": {"_type": "histogram",