{"train_acc": 0.5600999879091978, "train_loss": 1.2599200968444348, "val_acc": 0.49539998710155486, "val_loss": 1.4982223296165467, "_timestamp": 1698117619.768219, "test_acc": 0.48929998695850374, "test_loss": 1.4818965792655945, "_runtime": 56.49427890777588, "_step": 16, "_wandb": {"runtime": 56}}