{"train_acc": 0.6247999865561724, "train_loss": 1.091338173598051, "val_acc": 0.5097999864816666, "val_loss": 1.4903922808170318, "_timestamp": 1698110351.2826493, "_runtime": 103.53197026252747, "_step": 33, "test_acc": 0.5028999856114388, "test_loss": 1.4834542715549468, "gradients/model.fc2.bias": {"_type": "histogram", "values": [1.0, 0.0, 0.0, 0.0, 0.0, 0.0, 0.0, 0.0, 0.0, 0.0, 0.0, 0.0, 0.0, 0.0, 0.0, 0.0, 1.0, 0.0, 0.0, 0.0, 0.0, 0.0, 0.0, 0.0, 0.0, 3.0, 0.0, 0.0, 0.0, 0.0, 0.0, 0.0, 0.0, 0.0, 0.0, 1.0, 0.0, 0.0, 0.0, 0.0, 1.0, 0.0, 0.0, 0.0, 0.0, 0.0, 0.0, 0.0, 0.0, 0.0, 2.0, 0.0, 0.0, 0.0, 0.0, 0.0, 0.0, 0.0, 0.0, 0.0, 0.0, 0.0, 0.0, 1.0], "bins": [-0.03447148948907852, -0.03343803063035011, -0.032404568046331406, -0.031371109187603, -0.030337650328874588, -0.02930418960750103, -0.02827073074877262, -0.027237270027399063, -0.026203811168670654, -0.025170350447297096, -0.024136889725923538, -0.02310343086719513, -0.02206997014582157, -0.021036511287093163, -0.020003050565719604, -0.018969591706991196, -0.017936130985617638, -0.01690267026424408, -0.01586921140551567, -0.014835751615464687, -0.013802291825413704, -0.012768831104040146, -0.011735371313989162, -0.010701911523938179, -0.009668451733887196, -0.008634991943836212, -0.007601532153785229, -0.006568071898072958, -0.0055346121080219746, -0.004501152317970991, -0.003467692295089364, -0.002434232272207737, -0.0014007724821567535, -0.0003673125756904483, 0.000666147330775857, 0.0016996072372421622, 0.0027330671437084675, 0.003766526933759451, 0.004799987189471722, 0.005833446979522705, 0.0068669067695736885, 0.007900366559624672, 0.008933826349675655, 0.009967286139726639, 0.011000746861100197, 0.01203420665115118, 0.013067666441202164, 0.014101126231253147, 0.01513458602130413, 0.01616804674267769, 0.017201505601406097, 0.018234966322779655, 0.019268425181508064, 0.020301885902881622, 0.02133534476161003, 0.02236880548298359, 0.023402266204357147, 0.024435725063085556, 0.025469185784459114, 0.026502644643187523, 0.02753610536456108, 0.02856956422328949, 0.029603024944663048, 0.030636483803391457, 0.031669944524765015]}, "gradients/model.fc2.weight": {"_type": "histogram", "values": [2.0, 0.0, 1.0, 0.0, 1.0, 3.0, 1.0, 1.0, 2.0, 6.0, 1.0, 4.0, 4.0, 6.0, 11.0, 12.0, 12.0, 14.0, 26.0, 34.0, 34.0, 56.0, 62.0, 83.0, 82.0, 96.0, 129.0, 208.0, 223.0, 257.0, 333.0, 458.0, 592.0, 735.0, 1145.0, 1668.0, 1216.0, 740.0, 566.0, 416.0, 296.0, 185.0, 141.0, 104.0, 63.0, 64.0, 40.0, 22.0, 25.0, 28.0, 8.0, 5.0, 4.0, 2.0, 5.0, 3.0, 0.0, 1.0, 1.0, 0.0, 0.0, 1.0, 1.0, 1.0], "bins": [-0.08771306276321411, -0.08518773317337036, -0.08266241103410721, -0.08013708144426346, -0.0776117593050003, -0.07508642971515656, -0.0725611001253128, -0.07003577798604965, -0.0675104483962059, -0.06498511880636215, -0.062459796667099, -0.05993446707725525, -0.0574091412127018, -0.054883815348148346, -0.052358485758304596, -0.049833159893751144, -0.04730783402919769, -0.04478250816464424, -0.04225718230009079, -0.03973185271024704, -0.03720652684569359, -0.03468120098114014, -0.03215587139129639, -0.029630545526742935, -0.027105219662189484, -0.024579893797636032, -0.02205456607043743, -0.01952923834323883, -0.01700391247868538, -0.014478585682809353, -0.011953258886933327, -0.0094279320910573, -0.0069025978446006775, -0.004377271048724651, -0.0018519442528486252, 0.000673382543027401, 0.003198709338903427, 0.005724036134779453, 0.00824936293065548, 0.010774689726531506, 0.013300016522407532, 0.015825342386960983, 0.018350670114159584, 0.020875997841358185, 0.023401323705911636, 0.025926649570465088, 0.02845197729766369, 0.03097730502486229, 0.03350263088941574, 0.03602795675396919, 0.038553282618522644, 0.041078612208366394, 0.043603938072919846, 0.0461292639374733, 0.04865459352731705, 0.0511799193918705, 0.05370524525642395, 0.0562305711209774, 0.05875589698553085, 0.0612812265753746, 0.06380654871463776, 0.0663318783044815, 0.06885720789432526, 0.07138253003358841, 0.07390785962343216]}, "gradients/model.bn.bias": {"_type": "histogram", "values": [1.0, 0.0, 0.0, 0.0, 0.0, 1.0, 1.0, 1.0, 0.0, 1.0, 1.0, 3.0, 4.0, 7.0, 8.0, 8.0, 11.0, 15.0, 17.0, 24.0, 20.0, 32.0, 18.0, 43.0, 44.0, 47.0, 54.0, 52.0, 54.0, 49.0, 58.0, 48.0, 50.0, 48.0, 45.0, 38.0, 39.0, 24.0, 27.0, 24.0, 20.0, 20.0, 13.0, 9.0, 11.0, 7.0, 6.0, 1.0, 6.0, 6.0, 1.0, 1.0, 2.0, 1.0, 1.0, 0.0, 0.0, 0.0, 0.0, 1.0, 0.0, 0.0, 0.0, 1.0], "bins": [-0.013499484397470951, -0.013038912788033485, -0.012578340247273445, -0.01211776863783598, -0.01165719609707594, -0.011196624487638474, -0.010736051946878433, -0.010275480337440968, -0.009814908728003502, -0.009354336187243462, -0.008893764577805996, -0.008433192037045956, -0.00797262042760849, -0.007512048352509737, -0.007051476277410984, -0.006590904202312231, -0.006130332127213478, -0.005669760052114725, -0.005209187977015972, -0.004748615901917219, -0.004288043826818466, -0.003827471984550357, -0.0033669001422822475, -0.0029063280671834946, -0.0024457559920847416, -0.0019851839169859886, -0.0015246119583025575, -0.0010640399996191263, -0.0006034679245203733, -0.00014289590762928128, 0.0003176761092618108, 0.0007782481261529028, 0.0012388192117214203, 0.0016993912868201733, 0.0021599633619189262, 0.0026205352041870356, 0.0030811072792857885, 0.0035416793543845415, 0.004002251196652651, 0.004462823271751404, 0.004923395346850157, 0.00538396742194891, 0.005844539497047663, 0.006305111572146416, 0.006765683181583881, 0.007226255256682634, 0.007686827331781387, 0.008147399872541428, 0.008607971481978893, 0.009068543091416359, 0.0095291156321764, 0.009989687241613865, 0.010450259782373905, 0.01091083139181137, 0.011371403932571411, 0.011831975542008877, 0.012292547151446342, 0.012753119692206383, 0.013213691301643848, 0.013674263842403889, 0.014134835451841354, 0.014595407992601395, 0.01505597960203886, 0.0155165521427989, 0.015977123752236366]}, "gradients/model.bn.weight": {"_type": "histogram", "values": [2.0, 0.0, 0.0, 2.0, 1.0, 3.0, 1.0, 6.0, 1.0, 7.0, 5.0, 2.0, 8.0, 6.0, 8.0, 12.0, 12.0, 11.0, 23.0, 24.0, 36.0, 34.0, 38.0, 50.0, 55.0, 73.0, 56.0, 54.0, 51.0, 47.0, 56.0, 59.0, 37.0, 37.0, 34.0, 25.0, 26.0, 15.0, 23.0, 14.0, 11.0, 12.0, 10.0, 6.0, 6.0, 5.0, 4.0, 1.0, 2.0, 5.0, 1.0, 1.0, 1.0, 0.0, 0.0, 0.0, 1.0, 0.0, 0.0, 0.0, 3.0, 0.0, 0.0, 1.0], "bins": [-0.014721175655722618, -0.014187633991241455, -0.013654092326760292, -0.013120550662279129, -0.012587008997797966, -0.012053466401994228, -0.011519924737513065, -0.010986383073031902, -0.01045284140855074, -0.009919299744069576, -0.009385758079588413, -0.00885221641510725, -0.008318673819303513, -0.007785132620483637, -0.0072515904903411865, -0.0067180488258600235, -0.0061845071613788605, -0.0056509654968976974, -0.005117423832416534, -0.004583881702274084, -0.004050340037792921, -0.003516798373311758, -0.0029832564759999514, -0.0024497145786881447, -0.0019161729142069817, -0.0013826311333104968, -0.000849089352414012, -0.0003155475715175271, 0.00021799420937895775, 0.0007515359902754426, 0.0012850777711719275, 0.0018186195520684123, 0.002352161332964897, 0.00288570299744606, 0.003419244894757867, 0.0039527867920696735, 0.0044863284565508366, 0.005019870121032, 0.00555341225117445, 0.006086953915655613, 0.006620495580136776, 0.007154037244617939, 0.007687578909099102, 0.008221120573580265, 0.008754663169384003, 0.009288204833865166, 0.009821746498346329, 0.010355288162827492, 0.010888829827308655, 0.011422371491789818, 0.01195591315627098, 0.012489454820752144, 0.013022996485233307, 0.013556539081037045, 0.014090080745518208, 0.01462362240999937, 0.015157164074480534, 0.01569070667028427, 0.016224248334765434, 0.016757789999246597, 0.01729133166372776, 0.017824873328208923, 0.018358414992690086, 0.01889195665717125, 0.019425498321652412]}, "gradients/model.fc1.bias": {"_type": "histogram",