{"train_acc": 0.5664499868452549, "train_loss": 1.2434534934163093, "val_acc": 0.4890999871492386, "val_loss": 1.4891581118106842, "_timestamp": 1698117457.9087172, "test_acc": 0.4899999871850014, "test_loss": 1.4931331503391265, "_runtime": 61.80375123023987, "_step": 17, "_wandb": {"runtime": 66}}